"オープンソースで学ぶバイオインフォマティクス","オープンバイオ研究会編","本"
"ねがいごと","マリー・ンディアイ 著,アリス・シャルバン 絵,笠間直穂子 訳","児童書"
"Ｌｉｌｌｙ","志賀　理江子／写真","本"
"ドラブック","堀正央 著","本"
"ひよこちゃん","チュコフスキー 原作,小林純一 脚本,二俣英五郎 絵","児童書"
"Sade","千之ナイフ 著","本"
"台灣","嚴　思敏／編","本"
"ぱすてる","小林俊彦 著","児童書"
"アグリフォトニクス","後藤英司監修","本"
"前立腺がん","国立がんセンターがん対策情報センター 編","本"
"わんわん","長野ヒデ子 さく・え","児童書"
"アイ","士貴智志 著","児童書"
"生命科学","東京大学生命科学教科書編集委員会編","本"
"魔人探偵脳噛ネウロ","松井優征 著","本"
"夾竹桃","鈴木　俊／編,ＮＨＫ文化センター千葉教室／編","本"
"若おかみは小学生!","令丈ヒロ子 作,亜沙美 絵","児童書"
".hack//黄昏の碑文","川崎美羽 [著]","児童書"
"将門記","村上春樹 著","児童書"
"だって好きなんだもん","麻見雅 著","児童書"
"デトロイト・メタル・シティ","若杉公徳 著","本"
"かえるのピータン","どいかや 作","児童書"
"堀田","山本直樹 著","本"
"ポペッツタウン","市原淳作","児童書"
"釣りキチ三平","矢口高雄 著","本"
"パワー","アーシュラ・K.ル=グウィン 著,谷垣暁美 訳","児童書"
"まるいち的風景","柳原望 著","本"
"おかたづけ","小林真理作,相野谷由起絵","児童書"
"天璋院篤姫","NHKプロモーション/編集","本"
"天才柳沢教授の生活","山下和美 著","本"
"ご愁傷さま二ノ宮くん","鈴木大輔 著","児童書"
"フィンランド","岡崎務 文・写真,上山美保子 監修","児童書"
"モディリアーニ展","［モディリアーニ／著］,国立新美術館／ほか編集","本"
"ないものねだり","中谷　美紀 ［著］","障害者向け資料"
"インドネシア","阿良田麻里子著","本"
"インテリジェンス","20世紀メディア研究所 編","本"
"日中韓FTA","阿部一知, 浦田秀次郎, 総合研究開発機構編","本"
"計量経済学","辻村江太郎著","本"
"ZANZIBAR","長尾 迪/著","本"
"ファンタジーズキャラクター","岸本明子 著","児童書"
"原子力白書","原子力委員会／編","本"
"パンダ","エレファント・トーク 監修,さとうあきら 写真","児童書"
"すすむ","U.G.サトー作","児童書"
"草花","農文協 編","本"
"司書とハサミと短い鉛筆","ゆうきりん [著]","児童書"
"ユビキリ","芦原妃名子 著","本"
"せいかつ","森　隆夫／ほか著","本"
"ガレとジャポニスム","ガレ [ほか作]","本"
"ウルトラマンダイナ","円谷プロダクション 製作著作","児童書"
"遥かなる時空の中で","水野十子 著","本"
"リーニィ","小林 順/著","本"
"ヘヴンリー・キス","宮川匡代 著","本"
"信長","工藤かずや 原作,池上遼一 作画","本"
"コルテイジャーナ・オネスタ","庄司陽子 著","本"
"科学戦隊ダイナマン","八手三郎 原作","児童書"
"ふしぎ通信トイレの花子さん","南条アキマサ まんが,もぎひろむ 原作,小川京美 案内人キャラクター原案","児童書"
"マヒルの用心棒","大岩ケンジ 著","本"
"享楽","中川英二郎／作曲","本"
"マージナル","神崎紫電 [著]","児童書"
"Travel","YuichiYokoyama ; PaulKarasik intro.","本"
"オキーフ","オキーフ [画],ジャネット・スーター 著,山梨俊夫 監訳,木村理恵子 訳","本"
"原色日本行楽図鑑","山上たつひこ 著","本"
"日本の世界遺産","古田陽久, 古田真美 監修,世界遺産総合研究所 企画・編集","本"
"ちょこっとヒメ","カザマアヤミ 著","本"
"学園王子","柚月純 著","児童書"
"あかちゃんのドレイ。","大久保ヒロミ 著","本"
"ウズマジン","おおせよしお 作","児童書"
"龍鳳","河惣益巳 著","児童書"
"バイオインフォマティクス","舘野義男著","本"
"ひろば","秋田県中央地区社会教育主事協議会／編","本"
"物権","千葉恵美子, 藤原正則, 七戸克彦著","本"
"まんてん・いろは小町","小坂まりこ 著","児童書"
"都市伝説","亜月亮 著","児童書"
"セラフィック・フェザー","武田俊也 原作,うたたねひろゆき 漫画","本"
"広辞苑一日一語","岩波書店辞典編集部 編","児童書"
"世間胸算用","[井原西鶴] [原著] ; 神保五彌 校訂・訳,[井原西鶴] [原著] ; 神保五彌 校訂・訳,[十返舎一九] [原著] ; 中村幸彦, 棚橋正博 校訂・訳","児童書"
"雪の女王","かずはしとも 著","本"
"今日、恋をはじめます","水波風南 著","児童書"
"キングダムハーツ2","天野シロ 著","児童書"
"写楽","石森/章太郎 [作]","本"
"アカイロ/ロマンス","藤原祐 [著]","児童書"
"崖の上のポニョ","宮崎駿 原作・脚本・監督","児童書"
"もののけもの","ゴツボ×リュウジ 著","本"
"Motel","岡田ユキオ 著","本"
"ハブテトルハブテトラン","中島京子 著","児童書"
"森へ行こう","山本和子 織","本"
"地域福祉","大橋 謙策(1943～)／著","本"
"イガイガ","さとう　ゆみか／さく","児童書"
"知床","(社)国土緑化推進機構","本"
"温泉","日本温泉協会企画","本"
"爆音列島","高橋ツトム 著","本"
"ポケモン4コマ大百科","やましたたかひろ まんが","児童書"
"フリージア","松本次郎 著","本"
"セレクション","秋谷 えりこ/編曲・演奏","本"
"ソーシャル・キャピタル","ナン・リン著","本"
"管理会計","岡本清 [ほか] 著","本"
"ため池","内田和子著","本"
"奇跡のリンゴ","石川拓治著","本"
"東北","田村俊和, 石井英也, 日野正輝編","本"
"ミクロ経済学","奥野正寛編著","本"
"水文学","Wilfried Brutsaert著","本"
"ジャイアンツ","読売巨人軍/監修","本"
"提言","日本学術会議科学者委員会学術体制分科会 [編]","本"
"ワイルドアダプター","峰倉 かずや/著","本"
"メカニズムデザイン","坂井豊貴, 藤中裕二, 若山琢磨著","本"
"柳田国男","藤井隆至著","本"
"いっすんぼうし","三木卓再話,いちかわ なつこ絵","児童書"
"事業報告書","[大阪ガスグループ福祉財団/編]","本"
"新ブラックジャックによろしく","佐藤 秀峰/著","本"
"マーダーインク","鈴吹 太郎/著,ファーイースト・アミューズメント・リサーチ/著","本"
"牧神の午後","山岸 凉子/著","本"
"反貧困","湯浅誠著","本"
"大陸","鈴木 有美子／作,本田 昌子( 児童文学)／作,森川 治(1954～)／作","本"
"キーワード","遠藤斗志也[ほか]編","本"
"ベトナムの歴史","伊藤悦子, 小川有子, 坪井未来子訳","本"
"六価クロム","中西準子, 小野恭子共著","本"
"残月","中村 仁( 郷土)／編著","本"
"畜産","農山漁村文化協会編","本"
"作物","農山漁村文化協会編","本"
"ブラジル","鈴木孝憲著","本"
"こおり","前野紀一文,斉藤俊行絵","児童書"
"亜鉛","中西準子, 内藤航, 加茂将史共著","本"
"マルコフ連鎖モンテカルロ法","豊田秀樹編著","本"
"下村治","上久保敏著","本"
"人工光合成","Anthony F. Collings, Christa Critchley編","本"
"OPU","大阪府立大学広報会議/編集","本"
"人魚","田辺悟著","本"
"鹿島灘","藤本 武／著","本"
"不正競争防止法","青山紘一著","本"
"線形計画法","並木誠著","本"
"対称性","レオン・レーダーマン, クリストファー・ヒル著","本"
"ナカノマタン","中ノ俣たき火会作","本"
"乱択アルゴリズム","玉木久夫著","本"
"統計学","Michael J. Crawley著","本"
"ドリーミンドリーマーズ","田原 正一/著","本"
"ダイバーシティ","山口一男文","本"
"iPS細胞","八代嘉美著","本"
"微生物学","坂本順司著","本"
"花図鑑","芦澤正和,内田正宏,小崎格監修","本"
"日本の農業","小田切徳美編","本"
"国立文楽劇場","国立文楽劇場営業課/編集","本"
"碑","「記念碑に見る北海道農業の軌跡」刊行協力会編集","本"
"茶の本","岡倉天心著","本"
"サイエンス・コミュニケーション","科学技術社会論学会編集委員会編","本"
"ボサノバ","石川 芳/[ほか]ピアノ編曲","本"
"チャイナフリー","サラ・ボンジョルニ 著","本"
"アフリカ","ロバート・ゲスト著","本"
"パーム","獣木野生/著","本"
"社会的排除","岩田正美著","本"
"フンボルト","ダグラス・ボッティング著","本"
"マギーキッチンサイエンス","Harold McGee著","本"
"関東地方","日本地質学会編","本"
"フラワーアレンジレッスン","野口美知子著","本"
"商業施設","建築設計テキスト編集委員会編","本"
"ノンデザイナーズ・デザインブック","Robin Williams著","本"
"アグリバイオビジネス","美濃部侑三監修","本"
"深海","クレール・ヌヴィアン著","本"
"精神医療","『精神医療』編集委員会/編集","本"
"ねこシス","伏見つかさ [著]","児童書"
"ドドドドドッジ!","勝見直人 著","児童書"
"アメリカ素描","司馬遼太郎著","本"
"地雷","茨城工業高等専門学校文芸同好会／編","本"
"十干推命奥儀抄","梅川 泰輝/[著]","本"
"宮沢賢治","西本鶏介 文","児童書"
"宇宙旅行","イアン・グラハム ぶん,櫻井英里子 やく","児童書"
"羅和辞典","水谷智洋 編","児童書"
"あかり","茨城県視覚障害者協会／編集","本"
"シンポジウム","農業機械学会 [編]","本"
"ピーター・パン","イーゴリ・オレイニコフ 絵,山本和子 文","児童書"
"越境","高原明生, 田村慶子, 佐藤幸人編 著","本"
"フレッシュプリキュア!","東映アニメーション 絵,与口奈津江 文","児童書"
"かいじゅうたちのいるところ","デイヴ・エガーズ 著,小田島恒志, 小田島則子 訳","児童書"
"ラストリゾート","ロベルト・インノチェンティ 絵,J.パトリック・ルイス 文,青山南 訳","児童書"
"真昼の月","吉田 秋生/著","本"
"ユキウサギ","山村輝夫文・絵","児童書"
"ゲーム理論","佐藤嘉倫著","本"
"白堊","茨城県立日立第一高等学校同窓会／編","本"
"常総台地","常総台地研究会／編","本"
"経済物理学","青山秀明 [ほか] 著","本"
"ハートドクターハイネス・ドロップ","たばたともみ 著","児童書"
"ヒューマンエラー","小松原明哲著","本"
"生物多様性基本法","谷津義男 [ほか] 共著","本"
"ちんぷんかん","畠中恵 著","児童書"
"てんてん","颯天典 著","児童書"
"フランス","北山晴一著","本"
"エジソン","桜井信夫 文","児童書"
"生物系統地理学","ジョン・C・エイビス著","本"
"火","関根秀樹文,狼林絵","児童書"
"ベートーヴェン","照屋正樹 監修,西村和子 編集,栗原千種 原文","児童書"
"心霊探偵クロ","大西俊輔 著","児童書"
"チェンジング・ブルー","大河内直彦著","本"
"渋沢敬三","宮本常一著","本"
"あけび","星野みなみ文,沢田としき絵","児童書"
"政策","武田康裕, 丸川知雄, 厳善平編著","本"
"魚釣島","竹内圭史[ほか編]","本"
"食品偽装","新井ゆたか, 中村啓一, 神井弘之共著","本"
"熱力学","新井雅隆, 古畑朋彦著","本"
"食物繊維","日本食物繊維学会編集委員会編集","本"
"ナノテクノロジー","科学技術社会論学会編集委員会編","本"
"舞台芸術","京都造形芸術大学舞台芸術研究センター/企画・編集","本"
"魚","こどもくらぶ編","本"
"セツナユキ","真村ミオ 著","児童書"
"サーバ/インフラを支える技術","伊藤直也 [ほか] 著","本"
"月色光珠","岡篠名桜 著","児童書"
"パンタグラフ","大阪大学鉄道研究会/編集","本"
"色","江森康文, 大山正, 深尾謹之介編","本"
"ニホンカワウソ","安藤元一著","本"
"植物生理学","三村徹郎, 鶴見誠二編著","本"
"入会権","中尾英俊著","本"
"群集生態学","Stephen P. Hubbell著","本"
"コクロ","杉作 著","本"
"野田ともうします。","柘植文 著","本"
"タカラガイ","ネイチャーウォッチング研究会編","本"
"那智勝浦","国土地理院[編]","本"
"社会調査","原純輔, 浅川達人著","本"
"あゆみ","[JA全農あきた編]","本"
"春夏秋冬","田中　哲也／編集","本"
"絶対貧困","石井光太著","本"
"チャットモンチー","河本 芳子/編曲","本"
"Kissxxxx","楠本まき 著","本"
"経営管理","塩次喜代明, 高橋伸夫, 小林敏男著","本"
"シャングリ・ラ","池上永一 原作,烏丸匡 漫画","本"
"媚薬","鞘乃 著","本"
"近畿地方","日本地質学会編","本"
"ヴェニスの商人","シェイクスピア 作,バラエティ・アートワークス 漫画","本"
"ゲノミクス","アーサー・M.レスク著","本"
"室戸岬","国土地理院[編]","本"
"RD潜脳調査室","プロダクション・アイジー, 士郎正宗 原作,宮野桃太郎 漫画","本"
"園芸学","金浜耕基編","本"
"生徒諸君!","庄司 陽子/著","本"
"勝海舟","辻真先 原作,石川賢, ダイナミックプロ 作画","本"
"ちきゅう","ちきゅう史編纂懇談会企画編集","本"
"カーボンフットプリント","稲葉敦編著","本"
"ダライ・ラマ14世","さいわい徹 脚本・画","本"
"行政学","真渕勝著","本"
"串本","国土地理院[編]","本"
"タムノップ","福井捷朗, 星川圭介著","本"
"おしとね天繕","山口譲司 著","本"
"講演","Gunnar Sahlin","本"
"学校給食","牧下圭貴著","本"
"特許法","青山紘一著","本"
"チェルシー","D 著","本"
"マクロ経済学","二神孝一, 堀敬一著","本"
"下弦の月","三澤慶／作曲","本"
"ゆず","須藤真澄 著","本"
"Etoile","平子理沙 [著],中村和孝 [撮影]","本"
"愛のもとに集え","サカモトミク 著","本"
"ぼく","井上洋介絵・文","児童書"
"ペット","三宅乱丈 著","本"
"データ同化","淡路敏之 [ほか] 編著","本"
"もぞもぞ","石井聖岳作・絵","児童書"
"ザリガニ","川井唯史著","本"
"核磁気共鳴分光法","日本分光学会編","本"
"樹洞","神奈川県立生命の星・地球博物館編","本"
"海峡","朝鮮問題研究会/編集","本"
"確率過程","伊藤清著","本"
"リチャード・ローティ","大賀祐樹著","本"
"農産物直売所","勝本吉伸著","本"
"石垣島","中江訓[ほか]","本"
"黄砂","岩坂泰信 [ほか] 編","本"
"籛鏗","藤谷 怠民愚／著","本"
"種の起原","チャールズ・ダーウィン [著]","本"
"重商主義","ラース・マグヌソン著","本"
"世界人口","[黒田俊夫著]","本"
"バングラデシュの歴史","堀口松城著","本"
"棚田","森田敏隆著","本"
"徳之島","斎藤眞ほか[編]","本"
"中川翔子","河本 芳子/編曲","本"
"造血幹細胞移植","豊嶋崇徳編","本"
"博士論文","森元幸 [著]","本"
"フード・ウォーズ","ティム・ラング, マイケル・ヒースマン著","本"
"こんにちは","かとう ゆみ作,吉沢早織絵","児童書"
"アミノ酸","船山信次著","本"
"がちゃがちゃ","伊藤秀男作","児童書"
"象虫","小檜山賢二著","本"
"イノベーション・アーキテクチャー","ヒュウゴ・チルキー, ティム・ザオバー著","本"
"신성장동력","국회도서관 {編]","本"
"赤とんぼ","新井裕文・写真","本"
"ホワホワジュイグアグア","野津 【コウ】子/文,三宅 雅代/絵,南島 順子/編集","本"
"古生物学","速水格著","本"
"ふうりん","渡辺リリコ作","児童書"
"バイオロギング","日本バイオロギング研究会編","本"
"グローバリゼーション","正村俊之著","本"
"コミュニティ","R・M・マッキーヴァー著","本"
"中内功","中内潤, 御厨貴編著","本"
"ノーマン・ボーローグ","レオン・ヘッサー著","本"
"残照","飯田　太／著,信濃毎日新聞社／編集","本"
"電気自動車","森本雅之著","本"
"オゾン","中西準子, 篠崎裕哉, 井上和也共著","本"
"ブラック・スワン","ナシーム・ニコラス・タレブ著","本"
"徳川家康","西本鶏介 文","児童書"
"小笠原諸島","海野進[ほか編]","本"
"ハリー・ポッターと謎のプリンス","J.K.ローリング 作,松岡佑子 訳,ダン・シュレシンジャー 画","児童書"
"かいとう・ちわわんだー","まくらしょう さく,かとうはるひ え","児童書"
"やおよろっ!","なつみん 著","児童書"
"ONE PIECE","尾田 栄一郎/著","本"
"サイチョウ","北村俊平著","本"
"公文書等の管理に関する法律","宇賀克也著","本"
"おおきな木","シェル・シルヴァスタイン 作,村上春樹 訳","児童書"
"フェアトレード","アレックス・ニコルズ, シャーロット・オパル編著","本"
"仕事学のすすめ","日本放送協会/編集,日本放送出版協会/編集,NHK/著","本"
"ツキノワグマ","大井徹著","本"
"ロミオとジュリエット","シェイクスピア 作,大場建治 訳","児童書"
"中国","興梠一郎著","本"
"夜","エリ・ヴィーゼル [著],村上光彦 訳","児童書"
"集落再生","秋津元輝編","本"
"ワウシュヴィッツ","吉川愛歩 文,矢原由布子 絵","児童書"
"音の星座","湯山 昭/作曲,堀江 真理子/運指・ペダル・解説,デュエットゥ/運指・ペダル・解説,松居 弘道/英訳","本"
"研究開発力強化法","林芳正, 福島豊, 鈴木寛共著","本"
"ペーパーマン","安江リエ文,Ryo Honda絵","児童書"
"海燕","燕巣合同句集編集委員会/編纂","本"
"はれときどきあまのじゃく","矢玉四郎 作・絵","児童書"
"ユウキノシルシ","中野　勇輝／著","本"
"マリア様がみてる","今野緒雪 著","児童書"
"キケン","有川浩 著","児童書"
"原爆詩集","峠三吉 著","児童書"
"KAWA","梶井照陰 著","児童書"
"俺の妹がこんなに可愛いわけがない","伏見つかさ [著]","児童書"
"ニカメイガ","桐谷圭治, 田付貞洋編","本"
"ここが噂のエル・パラシオ","あおやぎ孝夫 著","児童書"
"中津","石塚吉浩[ほか編]","本"
"DNA鑑定","DNA鑑定学会","本"
"ちょんまげぷりん","荒木源 著","児童書"
"進化","ニコラス H. バートン [ほか] 著","本"
"日本語の慣用表現辞典","森田良行 著","児童書"
"ラッコ","久保敬親 写真・文","児童書"
"フリー","クリス・アンダーソン著","本"
"緩衝液","澤田清, 大森大二郎著","本"
"人文地理学","竹中克行 [ほか] 編著","本"
"空色勾玉","荻原規子 著","児童書"
"地産地消","下平尾勲, 伊東維年, 柳井雅也著","本"
"アイラブジブリ","デプロMP/編著","本"
"鳥類学","フランク・B.ギル著","本"
"挑戦","親松東一","本"
"きみのカケラ","高橋しん 著","児童書"
"ホキコレクション","ホキ美術館／編集","本"
"わたしに××しなさい!","遠山えま 著","児童書"
"パターン認識","金森敬文, 竹之内高志, 村田昇著","本"
"観光","須田寛著","本"
"エゾモモンガ","山村輝夫さく","児童書"
"今夜も生でさだまさし","さだ　まさし／編・著,ＮＨＫ「今夜も生でさだまさし」制作班／監修","本"
"シャンハイチャーリー","ビブオ 著","本"
"ダクションマン","猪熊しのぶ 著","本"
"原価計算","高田直芳著","本"
"低炭素社会","小宮山宏著","本"
"限界集落","曽根英二著","本"
"献呈","宮崎滋 作曲","本"
"農業協同組合法","明田作著","本"
"ムンク","ムンク [画],ジョン・ボールトン・スミス 著,佐藤幸宏 訳","本"
"독도","국회도서관 [編]","本"
"東京レイヴンズ","あざの 耕平/著","本"
"ホワイトハウス・フェロー","チャールズ・P・ガルシア著","本"
"ひまわり","馬場 泰江/[著]","本"
"合成生物学","柳川弘志 [ほか] 著","本"
"ベーシックインカム","立岩真也, 齊藤拓著","本"
"分子遺伝学","D・サダヴァ他著","本"
"コンピュータ・ジオメトリ","M. ドバーグ [ほか] 著","本"
"デュエット","小池一夫 作,井上紀良 画","本"
"ナルキッソス","江戸屋ぽち 著,片岡とも 原作","本"
"ドントクライ、ガール","ヤマシタトモコ 著","本"
"今日の魔王様","柊裕一 著","本"
"蘭","大橋順子 著","本"
"Ziggurat","Miss Black 著","本"
"バトルスピリッツ少年激覇ダン","東川祥樹 漫画,矢立肇 原作","本"
"アグリビジネス","高橋克英著","本"
"労働","佐藤俊樹責任編集","本"
"今月のわんこ生活","遠藤淑子 著","本"
"flumpool","河本 芳子/編曲","本"
"流通論","村松幸廣, 井上崇通, 村松潤一編著","本"
"ウワガキ","八十八良 著","本"
"グローバルインバランス","バリー・アイケングリーン [著]","本"
"肝癌","中沼安二, 坂元亨宇編集","本"
"マニフェスト","野田洋次郎 作詞・作曲","本"
"少年疾駆","附田祐斗 著","本"
"ハルとナツ","武田すん 著","本"
"みかこさん","今日マチ子 著","本"
"おかし","なかがわ りえこぶん,やまわき ゆりこえ","児童書"
"Ｃａｐｅｌｌａ","元田　敬三","本"
"酒場ミモザ","ほうさいともこ 著","本"
"ストーリーとしての競争戦略","楠木建著","本"
"魂の箱","平山讓 [著]","本"
"西郷","鹿野和彦 ほか[編]","本"
"スマートグリッド","横山明彦著","本"
"ピカソ","ピカソ [画],ローランド・ペンローズ 著,末永照和 訳","本"
"公共ガバナンス","大山耕輔著","本"
"アルペンローゼ","赤石路代 著","本"
"あすなろ白書","柴門ふみ 著","本"
"メタボロミクス","田口良編集","本"
"ラッキー","菊池 日出夫/さく","本"
"세계의헌법","국회도서관 [編]","本"
"はろう警報","杉原涼子 著","本"
"七夕委員","今日マチ子 著","本"
"伊勢","中江訓 ほか[編]","本"
"戦略的環境アセスメント","大塚 路子","立法情報"
"金瓶梅","山上たつひこ 著","本"
"恋愛中毒","桜沢エリカ [著]","本"
"ジュスティーニ","ジュスティーニ/[作曲],小倉 貴久子/校訂","本"
"複雑ネットワーク","増田直紀, 今野紀雄著","本"
"植物病理学","眞山滋志, 難波成任編","本"
"エディドヤ","歩田川和果 著","本"
"自宅警備姫テラス","下村トモヒロ 著","本"
"フリーフォール","ジョセフ・E・スティグリッツ著","本"
"ジゴロ次五郎","加瀬あつし 著","本"
"創造","エドワード・O.ウィルソン著","本"
"西原理恵子の人生画力対決","西原理恵子 著","本"
"アイアムアヒーロー","花沢健吾 著","本"
"プロモーショナル・マーケティング","日本プロモーショナル・マーケティング協会編纂","本"
"インド","田部昇著","本"
"これからの「正義」の話をしよう","マイケル・サンデル著","本"
"組織論","桑田耕太郎, 田尾雅夫著","本"
"ソーシャル・イノベーション","服部篤子, 武藤清, 渋澤健編","本"
"細胞生物学","D・サダヴァ他著","本"
"タケノコ","野中重之著","本"
"モグラ","川田伸一郎著","本"
"ハチャトゥリャンヴァイオリン・ソナタ","ハチャトゥリャン/[作曲]","本"
"九州・沖縄地方","日本地質学会編","本"
"わ","元永 定正作","児童書"
"インフォグラフィックス","木村博之著","本"
"기후변화협약","국회도서관 [編]","本"
"正義論","ジョン・ロールズ著","本"
"無縁社会","NHK「無縁社会プロジェクト」取材班編著","本"
"ランドラッシュ","NHK食料危機取材班著","本"
"シェリ","コレット/[著],工藤 庸子/訳","本"
"分子生物学","D・サダヴァ他著","本"
"世界史の構造","柄谷行人著","本"
"ゴールドマン・サックス","チャールズ・エリス著","本"
"다문화가정","국회도서관 [編]","本"
"家族","岡野八代責任編集","本"
"스마트그리드","국회도서관 [編]","本"
"奇跡の海","日本生態学会上関要望書アフターケア委員会編","本"
"労務管理","入来院重宏 [著]","本"
"つながり","ニコラス・A・クリスタキス, ジェイムズ・H・ファウラー著","本"
"国際経済学","秋葉弘哉編著","本"
"植物工場","食品工業編集部編纂","本"
"Capella","Keizo,Motoda /[撮影]","本"
"繁栄","マット・リドレー著","本"
"SQL","ミック著","本"
"温故創新","平成22年度第96回全国図書館大会奈良大会実行委員会事務局編集","本"
"シェア","レイチェル・ボッツマン, ルー・ロジャース著","本"
"ひゃくはち","早見和真 著","児童書"
"セレスティアルクローズ","塩野干支郎次 著","本"
"のり","浦安市郷土博物館編","本"
"平佐","川内商工高等学校研究紀要編集委員会／編集","本"
"ムシノメ","ムシノメ編集部／編集","本"
"電波女と青春男","入間人間 原作,山根真人 作画","本"
"青年のための読書クラブ","桜庭一樹 著","児童書"
"マイリー・サイラス","ブランドン・ハースト 著,佐藤志緒, 壁谷さくら 訳","本"
"あさひかわラーメン村","あさひかわラーメン村 ［編］","本"
"くじら島","鳥巣京一 脚本 ; 門川町の小学生の皆さん 絵","本"
"なぜ東堂院聖也16歳は彼女が出来ないのか?","内乃秋也, 茂木完田 著","本"
"ミニチュア","たばこと塩の博物館/編集","本"
"一休さん","杉山亮 文,長野ヒデ子 絵","児童書"
"高野山","半沢克夫 撮影,薮邦彦 文","児童書"
"えんがわ","松重　広美／著","本"
"あねコミ","井上和郎 著","本"
"空海","梅田紀代志 作","児童書"
"こねこねこ","きむら よしお作","児童書"
"てんむす","稲山覚也 著","本"
"フザリウム","駒田旦, 小川奎, 青木孝之編集","本"
"金のはさみのカニ","エルジェ 作,川口恵子 訳","児童書"
"ドン・マッカラン","ドン・マッカラン [撮影],藤崎学人 訳","本"
"サーバント×サービス","高津カリノ 著","本"
"あわい","染谷果子 作,鈴木びんこ 絵","児童書"
"ムーミントロール","トーベ・ヤンソン, ラルス・ヤンソン [原作]","児童書"
"いじめ","五十嵐かおる 原案・絵,武内昌美 文","児童書"
"パイレーツ・オブ・カリビアン","ジェームズ・ポンティ 作,橘高弓枝 訳","児童書"
"環境報告書","神奈川県企業庁","本"
"ラプンツェル","グリム [作],那須田淳 訳,北見葉胡 絵","児童書"
"アラジン","森はるな 文","児童書"
"弁慶","手塚治虫 著","本"
"経済危機","国際連合食糧農業機関編集","本"
"ファインディング・ニモ","神戸万知 文","児童書"
"金沢港","石川県土木部港湾課 ほか［編］","本"
"科学コミュニケーション","岸田一隆著","本"
"川内川","黎明短歌会川内支部 著","本"
"15の春","荻野真 著","本"
"どげせん","RIN, 板垣恵介 著","本"
"新潟","高橋浩 [ほか] 地質図編集","本"
"つた","鹿児島県立甲南高等学校文学部 編","児童書"
"さくらいろ","森田敏隆 著","本"
"なぎさちゃんのカレシ","未影 著","本"
"美咲ナンバーワン!!","藤崎聖人 著","本"
"SUZU","高木こずえ 著","本"
"方法序説","デカルト 作,バラエティ・アートワークス 漫画","本"
"陽だまりの彼女","越谷オサム 著","児童書"
"津波災害","河田惠昭著","本"
"ラブユメ・みっくす","カイシンシ 著","本"
"フード・インク","エリック・シュローサー [ほか] 著","本"
"ひらけ駒!","南Q太 著","本"
"かちかち山","小澤昔ばなし大学再話研究会 再話,杉浦範茂 絵,小澤俊夫 監修","児童書"
"ガブリエル・タルド","中倉智徳著","本"
"会社案内","黒岩食品株式会社／〔編〕","本"
"旅行業務取扱管理者","原田 圭子/講師,日本放送協会/編集,NHK出版/編集","本"
"Piglets","Marrit van Engen [ほか] 著","本"
"アヴェ・マリア","牧戸 太郎/編曲","本"
"数値流体力学","H.K. Versteeg, W. Malalasekera原著","本"
"日本政治史","北岡伸一著","本"
"風評被害","関谷直也著","本"
"ゆきもよう","ピティナ社団法人全日本ピアノ指導者協会/選曲","本"
"グンナー・ミュルダール","ウィリアム・J・バーバー著","本"
"日本中枢の崩壊","古賀茂明著","本"
"岐路","島田晴雄著","本"
"ツノゼミ","丸山宗利著","本"
"鴉","鴉/監修","本"
"安寧","中村 仁( 郷土)／著","本"
"フィロカリア","大阪大学大学院文学研究科芸術学・芸術史講座／編","本"
"Sows","Marrit van Engen, Kees Scheepens 著","本"
"十干推命調候用神法講義録","梅川 泰輝/[著]","本"
"環境社会学","舩橋晴俊編","本"
"超重力理論","谷井義彰著","本"
"千頭山","谷田部英雄著","本"
"植物ウイルス","山下修一編著","本"
"3.11","橋本紘二著","本"
"とり","かなざわ めぐみ／さく・え","本"
"エネルギー","池内 了文,スズキコージ絵","児童書"
"はぐ","佐々木 マキ作","児童書"
"死ぬことと生きること","土門拳 [著]","児童書"
"竹","[農山漁村文化協会編]","本"
"プレニテュード","ジュリエット・B・ショア [著]","本"
"河北新報のいちばん長い日","河北新報社著","本"
"恋人たちのクリスマス","デプロMP/編著","本"
"システム工学","井上雅裕共著","本"
"食糧","農業・食品産業技術総合研究機構食品総合研究所","本"
"チョウ","ダーリーン・ムロウスキー 著,小宮輝之 監修","児童書"
"意匠法","正林真之監修","本"
"震災復興","佐藤主光, 小黒一正著","本"
"トラクタ","高井宗弘監修","本"
"イルカ","粕谷俊雄著","本"
"デジタル画像処理","勝木健雄, 蓬来祐一郎著","本"
"洋上風力発電","ジョン・トワイデル, ガエターノ・ガウディオージ編著","本"
"長ぐつをはいたネコ","シャルル・ペロー 原作,石津ちひろ 抄訳,田中清代 絵","児童書"
"はと","菊池 日出夫作","児童書"
"限界集落株式会社","黒野伸一著","本"
"ショック・ドクトリン","ナオミ・クライン [著]","本"
"新八犬伝","石山透 著","児童書"
"日本人は何を考えてきたのか","NHK取材班 編著","児童書"
"結び","川端 有子","本"
"なかよし","たみ ぶん・え","児童書"
"ソーシャル・ビジネス","大室悦賀, 大阪NPOセンター編著","本"
"老子","老子 [著],蜂屋邦夫 訳注","児童書"
"Birthday","桜井 美登里／作","本"
"てがみ","矢島 眞澄/作・絵","本"
"リンカーンダーウィンリビングストン","有吉忠行 他著,子ども文化研究所 監修","児童書"
"つくば市","Actiz編集部／編","本"
"ユタとふしぎな仲間たち","三浦　哲郎／著","児童書"
"フランケンウィニー","中井はるの 文","児童書"
"ジョン・カーター","スチュアート・ムーア 作,橘高弓枝 訳","児童書"
"大草原の小さな家","ローラ・インガルス・ワイルダー 作,こだまともこ, 渡辺南都子 訳,丹地陽子 絵","児童書"
"オリーブ","岡井路子著","本"
"水理学","小川元, 山本忠幸著","本"
"森林生態学","日本生態学会編","本"
"鳥","川上和人監修","本"
"カール・ポランニー","若森みどり著","本"
"おれがあいつであいつがおれで","山中恒 作,杉基イクラ 絵","児童書"
"外来生物","西川潮, 宮下直編著","本"
"トモちゃんはすごいブス","森下裕美 著","本"
"魚介","こしみずまさみへん","本"
"ザ・バーバー","水原 とほる/著","本"
"時間生物学","海老原史樹文, 吉村崇編","本"
"Ｃｒａｎｆｏｒｄ","ＥｌｉｚａｂｅｔｈＧａｓｋｅｌｌ","本"
"育てる","育てる会／編,青木 孝安／編集責任","本"
"飼い喰い","内澤旬子著","本"
"ホットスポット","NHK ETV特集取材班著","本"
"Joker","上杉可南子 著,斎田晴子 将棋監修","本"
"はぢがーる","みやびあきの 著","本"
"グラスエンドファイト","G.P.チュウプリック, S.H.フェイス著","本"
"政策評価","山谷清志著","本"
"野菜","こしみずまさみへん","本"
"ドリーマーズ・ハイ","宮本佳野 著","本"
"童謡","デプロMP/編著","本"
"くだもの","こしみずまさみへん","本"
"SIST","科学技術振興機構編","本"
"Ceukubayeonguhaguyindosi","IBARAKIHYEON GIHOEGBU CEUKUBA HITACINAKA JEONGBIGUG CEUKUBA JIYEOG JINHEUNGGWA／〔編〕","本"
"クロスドミナンス","小橋ちず 著","本"
"右利きのヘビ仮説","細将貴著","本"
"テングザル","松田一希著","本"
"内部被曝","肥田舜太郎著","本"
"老舗","鶴岡公幸著","本"
"Kawamata","Kawamata [作],BankART 1929 編","本"
"あかし","柳澤健 著,柳澤卓 編","本"
"謎解きはディナーのあとで","川瀬あや 著,東川篤哉 原作","本"
"計算物理学","J.M.ティッセン/[著],松田 和典/訳,道廣 嘉隆/訳,谷村 吉隆/訳,高須 昌子/訳,吉江 友照/訳","本"
"パパのいうことを聞きなさい!","松智洋 原作,竹村洋平 漫画","本"
"機関砲","佐山 二郎/著","本"
"人間昆虫記","手塚治虫 著","本"
"福島第一原発","アーニー・ガンダーセン著","本"
"筑波研究学園都市","茨城県企画部つくば・ひたちなか整備局つくば地域振興課／〔編〕","本"
"食品包装","水口眞一著","本"
"あすという日が","八木澤教司 作曲,夏川りみ 唄,堀越隆一 編曲,堀越みちこ 監修","本"
"スキマノスキマ","稲井稲井 著","本"
"Gold","山本隆一郎 著","本"
"代数幾何学","R.ハーツホーン／著,高橋 宣能／訳,松下 大介／訳","本"
"ゴールド","山本隆一郎 著","本"
"パイオニア","関西地理学研究会／編,赤塚 康雄／代表者","本"
"新しい市場のつくりかた","三宅秀道著","本"
"ミゾゴイ","川名国男著","本"
"木材","木の研究会著","本"
"農研機構","農業・食品産業技術総合研究機構 編","本"
"137億年の物語","クリストファー・ロイド著","本"
"波枕","品川 鈴子/著","本"
"中二病でも恋がしたい!","虎虎/著","本"
"醤油鯛","沢田佳久著","本"
"波乱万丈","小林　万作／著","本"
"プレステップマーケティング","丸山正博著","本"
"Orge","全国精麦工業協同組合連合会企画・監修","本"
"スモールハウス","高村友也著","本"
"バラスト水管理条約","国土交通省総合政策局海洋政策課監修","本"
"ジュゴン","池田和子著","本"
"流風","佃史探求風とみどりの会/総合編集","本"
"土質力学","河上房義共著","本"
"フルーツポンチ","はらぺこめがね/作","本"
"格差社会","橘木俊詔編著","本"
"ＬＵＰＩＮＥ","市川　荘一／著","本"
"涙","ゲルダ・シュタイナー／作,ヨルク・レンツリンガー／作,門脇 さや子／ほか編","本"
"政治学","川出良枝, 谷口将紀編","本"
"六ヶ所再処理工場","小出裕章, 渡辺満久, 明石昇二郎著","本"
"一般化線形モデル","粕谷英一著","本"
"ルポイチエフ","布施祐仁著","本"
"うなぎ","虫明敬一編","本"
"夜会","珍田 弥一郎/著","本"
"経済","服部健治, 丸川知雄編","本"
"構造生物学","A. Liljas [ほか] 著","本"
"海藻","野田三千代海藻おしば","本"
"ルルルラララ","にしむらあつこ さく","児童書"
"都市経済学","高橋孝明著","本"
"微化石","谷村好洋, 辻彰洋編著","本"
"未完のファシズム","片山杜秀著","本"
"榠樝","鈴木 勘之／著","本"
"応用経済学","坂上智哉, 片桐昭司, 伊ヶ崎大理編","本"
"アニマルウェルフェア","農山漁村文化協会編","本"
"野生動物管理","羽山伸一 [ほか] 編","本"
"かきごおり","樺山祐和 さく","児童書"
"子ども国会","参議院事務局 [編]","本"
"技術経営","吉田敏編著","本"
"ナイチンゲール","武鹿 悦子／文,ふりや かよこ／絵","本"
"環境経済学","細田衛士編著","本"
"オルネフラワーコレクション","オルネフラワー協会／著","本"
"デザイン・ドリブン・イノベーション","ロベルト・ベルガンティ著","本"
"たぬき","伊藤比呂美 ぶん,片山健 え","児童書"
"アマゾン","西沢利栄 [ほか] 著","本"
"選択の自由","M&R・フリードマン著","本"
"正倉院展","奈良国立博物館/編集","本"
"超高齢社会","光多長温編","本"
"アリの巣をめぐる冒険","丸山宗利著","本"
"エピジェネティクス","佐々木裕之, シュプリンガー・ジャパン編","本"
"統治能力","イェヘッケル・ドロア著","本"
"トマト","棚橋亜左子 さく","児童書"
"INNOCENCE","Eir, Ryosuke Shigenaga [作詞],Ryosuke Shigenaga [作曲]","本"
"ぱぴぷぺぽ","石津ちひろ 文,たしろちさと 絵","児童書"
"東郷平八郎","田中宏巳 著","児童書"
"ネムリノフチ","中村歩 著","本"
"大辞泉","小学館大辞泉編集部編","本"
"Downwards","KOU [作]","本"
"イワシ","渡邊良朗著","本"
"思い出のとき修理します","谷瑞恵 著","児童書"
"スティーヴィー・ワンダー","秋谷 えりこ/編曲","本"
"対岸","百々　新／著","本"
"おーがちゃん","コンノトヒロ 著","本"
"快晴フライング","古内一絵 [著]","児童書"
"馬インフルエンザ","中央畜産会[編]","本"
"イデオロギー","蒲島郁夫, 竹中佳彦著","本"
"パフォーマンス","JANE SMISOR BASTIEN [著]","児童書"
"アンソフ","庭本佳和編著","本"
"きもち","ジャナン・ケイン さく,いしいむつみ やく","児童書"
"しょうぼうしゃ","小賀野実 写真・文","児童書"
"シガテラ","古谷実 著","本"
"ボクの社長サマ","あろひろし 著","本"
"ないたあかおに","浜田廣介 作,野村たかあき 絵","児童書"
"メルトダウン","田辺文也著","本"
"ジェイン・エア","シャーロット・ブロンテ 作,河島弘美 訳","児童書"
"ガバナンス","猪口孝著","本"
"オレンジ","尾崎世界観 作詞・作曲","本"
"チビトラ","Kagezi さく","本"
"メリークリスマス","鹿児島県立図書館奉仕課 制作","本"
"コモンウェルス","アントニオ・ネグリ, マイケル・ハート著","本"
"パパムパ","もち 著","本"
"赤ヘル1975","重松清 著","児童書"
"金色のライオン","香山彬子 作,佃公彦 絵","児童書"
"さんじゅ","小林 マリ子/著","本"
"カブルモン","藤堂あきと 著","本"
"古事記","里中満智子 著","本"
"弱虫","伊藤　豊志 著","本"
"もこもこbox","☆画野朗 著","本"
"Out","井口達也 原作,みずたまこと 漫画","本"
"クローズ","髙橋ヒロシ 著","本"
"円卓","西加奈子 著","児童書"
"シュガービーチ","下村トモヒロ 著","本"
"うわのはら","上野原誌再生出版編集委員会 編集","本"
"橙","夏糖 著","本"
"恋におちたら","藤緒あい 著","本"
"死の淵を見た男","門田隆将 著","本"
"ジョーカーゲーム","竹内 佑/原案,矢口 武/著","本"
"ウソツキ!ゴクオーくん","吉もと誠 作","児童書"
"オートファジー","水島昇, 吉森保編","本"
"桜ほうさら","宮部みゆき 著","児童書"
"法学","眞田芳憲／著","本"
"測量","内山久雄著","本"
"茨木のり子","茨木, のり子,萩原, 昌好,藤本, 将","本"
"孤独な天使たち","ニッコロ・アンマニーティ 著,中山エツコ 訳","児童書"
"イタリア歌曲集","畑中 良輔/編集,戸口 幸策/対訳・逐語訳","本"
"動物農場","ジョージ・オーウェル 著,開高健 訳","児童書"
"天龍梅花駅伝","天龍村／主催","本"
"インフレ目標政策","伊藤隆敏著","本"
"水循環","雨水貯留浸透技術協会編","本"
"オプトジェネティクス","新日本編集企画編","本"
"バイオテクノロジー","久保幹 [ほか] 著","本"
"シミュレーション","佐藤文明 [ほか] 著","本"
"測定","今井秀孝編著","本"
"甘城ブリリアントパーク","賀東 招二/著","本"
"国際政治学","中西寛, 石田淳, 田所昌幸著","本"
"ユーロ危機","ロベール・ボワイエ [著]","本"
"おるすばん","森洋子 作","児童書"
"コールドチェーン","森隆行, 石田信博, 横見宗樹著","本"
"ルートヴィヒ・フォン・ミーゼス","イスラエル・M・カーズナー著","本"
"不格好経営","南場智子著","本"
"殻","高橋伸夫著","本"
"よつばと!","あずま きよひこ/著","本"
"国際紛争","ジョセフ・S・ナイ・ジュニア, デイヴィッド・A・ウェルチ著","本"
"つぶやき","丸山　道雄／著","本"
"ほわほわ","青島左門 作","児童書"
"サッカースタジアム","鎌田歩 さく","児童書"
"カレーライス","小西英子 さく","児童書"
"らくだ","にごまりこ さく","児童書"
"ヴァンプオンザデッドライン","伊上 円/著","本"
"つくば","つくば市教育研究会国語研究部／編集","本"
"魔法戦争","スズキ ヒサシ/著","本"
"ダンゴウオ","鍵井靖章著","本"
"石巻市立湊小学校避難所","藤川佳三著","本"
"認知リハビリテーション","認知リハビリテーション研究会/編集","本"
"ひなたぼっこ","りとうようい","児童書"
"中・韓「反日ロビー」の実像","古森義久著","本"
"かぶとむし","海野和男 写真・監修","児童書"
"ベイマックス","斎藤妙子 構成・文","児童書"
"ウーギークックのこどもたち","坂元裕二 文,林田秀一 絵","児童書"
"みんなだいすきそらジロー","バップ, Age Global Networks 制作","児童書"
"花札","江橋崇 著","児童書"
"カレンダー","ひこ・田中 著","児童書"
"ジェネンテック","サリー・スミス・ヒューズ著","本"
"小言幸兵衛","滝沢 主税／著","本"
"ライバル","川上健一 著","児童書"
"びじょとやじゅう","ボーモン夫人 原作,上北ふたご 絵","児童書"
"マングローブ","中村亮, 縄田浩志編","本"
"てぶくろ","小林真理 文,小川ナオ 絵","児童書"
"モンゴル","藤田昇, 加藤聡史, 草野栄一, 幸田良介編著","本"
"分析化学","蟻川芳子, 小熊幸一, 角田欣一共編","本"
"気象庁地磁気観測所","気象庁地磁気観測所／編集","本"
"社会関係資本","三隅一人著","本"
"雪虫","石黒誠 文・写真","児童書"
"刑事訴訟法","後藤 昭/編,白取 祐司/編","本"
"スズメ","三上修著","本"
"郵便配達は二度ベルを鳴らす","ジェームズ・M・ケイン [著],田口俊樹 訳","児童書"
"水産加工","みなと新聞企画・編集","本"
"IMMIGRANTS","中川 正子/著","本"
"パッパカサーカス","スズキコージ 作・絵","児童書"
"生きる","谷川俊太郎 詩,岡本よしろう 絵","児童書"
"クィディッチ今昔","J.K.ローリング 作,松岡佑子 訳","児童書"
"ユーザーイノベーション","小川進著","本"
"東高野街道","杉山 三記雄/著","本"
"ロスト・モダニティーズ","アレクサンダー・ウッドサイド著","本"
"イチジク","大森直樹著","本"
"個人情報保護法","岡村 志嘉子 訳","立法情報"
"人間の安全保障","武内和彦, 松隈潤編","本"
"RePublic","馬場正尊, Open A著","本"
"政治における合理主義","マイケル・オークショット著","本"
"土壌汚染","中西友子著","本"
"アローの不可能性定理","松本保美著","本"
"百鬼夜行抄","今 市子/著","本"
"コチョウガイ","立原えりか 脚本,松成真理子 絵","児童書"
"流通経済大学","流通経済大学／編","本"
"ゾミア","ジェームズ・C・スコット [著]","本"
"カウシグナルズチェックブック","Jan Hulsen[著]","本"
"シュヴァルツェスマーケン","吉宗 鋼紀/原作,内田 弘樹/文","本"
"窓","徳永　正紀／著","本"
"国際藻類・菌類・植物命名規約","日本植物分類学会国際命名規約邦訳委員会翻訳・編集","本"
"覇剣の皇姫アルティーナ","むらさき ゆきや/著","本"
"ラヴミーテンダー","木々 著","本"
"若者たち","藤田敏雄 作詞,佐藤勝 作曲,渥美知世 編曲","本"
"藤子・F・不二雄大全集","藤子・F・不二雄/[作]","本"
"マコモタケ","西嶋政和著","本"
"エドマンド・バーク","末冨浩著","本"
"賤民","谷川, 健一,大和, 岩雄","本"
"プラバンアクセサリー","福家聡子 著","本"
"商標法","茶園成樹編","本"
"博物誌","S・ピーター・ダンス著","本"
"化学物質","農林水産省農林水産技術会議事務局編","本"
"目撃証言","伊藤政則 著","本"
"スペース☆ダンディ","BONES 原作,朴晟佑, REDICE 作画,原田雅史 構成","本"
"セカイ魔王","双見酔 著","本"
"経済地理学","青山裕子, ジェームズ・T・マーフィー, スーザン・ハンソン著","本"
"SOUSEI","文部科学省研究開発局 [編]","本"
"飛鳥","井上 直夫／[ほか編]","本"
"えんにち","五十嵐 豊子/さく","本"
"財政学","片桐正俊編著","本"
"ALL I NEED","糸杉柾宏 著","本"
"ポケットモンスターSPECIAL","日下 秀憲/シナリオ,山本 サトシ/まんが","本"
"Stay Gold","Yosuke Takeda/[撮影]","本"
"一関藩","一関市博物館 編集","本"
"熟成肉","柴田書店編","本"
"共感","梅田, 聡,板倉, 昭二,平田, 聡,遠藤, 由美,千住, 淳,加藤, 元一郎,中村, 真","本"
"鯛","桂三枝 文","障害者向け資料"
"チャイナズ・スーパーバンク","ヘンリー・サンダースン, マイケル・フォーサイス著","本"
"信託法","新井誠著","本"
"ライターズ","Mr.Weather/原案,古賀 奏一郎/ノベライズ,白晰/イラスト,VALSHE/ビジュアル監修","本"
"花椿","堂前／弘子 総監修","本"
"春一番","［須坂］市民学園自治会文集編集員会","本"
"防人","田中 康道/著","本"
"判例時報","判例時報社","デジタル資料"
"広告批評","マドラ出版株式会社,マドラコミュニケーションズ,マドラ","デジタル資料"
"小学六年生","小学館,学習指導研究会","デジタル資料"
"悪魔の手毬唄","Jet/著,横溝 正史/原作","児童書"
"公営企業","地方財務協会,公営企業金融公庫,地方財務協会 編","デジタル資料"
"ルパン三世","モンキー・パンチ/[原作],高口 里純/[脚本],Shusay/[画]","児童書"
"旅客船","日本旅客船協会","デジタル資料"
"音声","田窪行則 [ほか] 著","本"
"Zero","オフィスゼロ,オフィスゼロ 編","デジタル資料"
"エレクトロニクス","オーム社","デジタル資料"
"雪崩","西村浩一編","本"
"群居","群居刊行委員会","デジタル資料"
"馬酔木","馬酔木発行所","デジタル資料"
"まつり","まつり同好会","デジタル資料"
"学校事務","学事出版株式会社,現代学校事務研究所,学校事務研究会,人事事務研究会 (文部省内)","デジタル資料"
"NHKおかあさんといっしょ","今村 康/ピアノ編曲","本"
"Wedge","ウエッジ [編]","デジタル資料"
"園芸植物","鈴木基夫, 横井政人監修","本"
"群像","講談社","デジタル資料"
"清花","松岡 政信/画","本"
"信用組合","全国信用組合中央協会","デジタル資料"
"JAMSTEC","海洋科学技術センター,海洋科学技術センター情報管理室 編","デジタル資料"
"動力","日本動力協会,日本動力協会 編","デジタル資料"
"比較文化","中央学院大学比較文化研究所","デジタル資料"
"舞妓","丸山 石根/画","本"
"学校教育","広島大学附属小学校学校教育研究会,広島大学教育学部附属小学校学校教育研究会,広島高等師範学校附属小学校学校教育研究会,広島大学附属小学校学校教育研究会 編","デジタル資料"
"小学五年生","小学館","デジタル資料"
"華道","日本華道社,華道家元池坊","デジタル資料"
"Forbes","ぎょうせい","デジタル資料"
"サメ","矢野和成著","本"
"映画芸術","編集プロダクション映芸,大和書房,映画芸術社,第一出版株式会社,星林社 (京都市)","デジタル資料"
"ゾウ","きむらよしお作","児童書"
"神童","さそう あきら/著","本"
"芸術文化","東北芸術文化学会,東北芸術文化学会編集委員会 編","デジタル資料"
"法の支配","日本法律家協会","デジタル資料"
"仏教","法蔵館,法蔵館 [編]","デジタル資料"
"公益法人","公益法人協会","デジタル資料"
"甘辛しゃん","宮村 優子/原作,緒形 裕美/作画","本"
"国連","日本国際連合協会","デジタル資料"
"LEMA","日本陸用内燃機関協会","デジタル資料"
"河川","日本河川協会","デジタル資料"
"鍍金の世界","日本鍍金材料協同組合,東京鍍金材料協同組合","デジタル資料"
"小学二年生","小学館","デジタル資料"
"小学一年生","小学館","デジタル資料"
"学習の友","労働者教育協会,労働者教育協会 編","デジタル資料"
"フェロアロイ","日本フェロアロイ協会,技術委員会 編","デジタル資料"
"和歌山","栗本史雄 [ほか] 地質編集","本"
"社会保険","全国社会保険協会連合会,社会保険協会","デジタル資料"
"アスファルト","日本アスファルト協会","デジタル資料"
"鴎外","森鴎外記念会 [編]","デジタル資料"
"広告","博報堂","デジタル資料"
"寒雷","寒雷発行所,交蘭社","デジタル資料"
"高圧ガス","高圧ガス保安協会 [編]","デジタル資料"
"建設機械","日本工業出版株式会社,建設機械編集委員会 編","デジタル資料"
"ILSI","日本国際生命科学協会,ILSI Japan編集部会 編","デジタル資料"
"本の窓","小学館 [編]","デジタル資料"
"ガイドブック","秋田営林局指導普及課 [編]","本"
"タイタニック","秋山 さやか/[ほか]編曲","本"
"将棋世界","日本将棋連盟","デジタル資料"
"小説新潮","新潮社","デジタル資料"
"国際交流","国際交流基金 編","デジタル資料"
"カラス","平野伸明写真・文","児童書"
"波涛","兵術同好会,波涛編集委員会 編","デジタル資料"
"コンバーテック","加工技術研究会","デジタル資料"
"本","講談社","デジタル資料"
"ユング","河合俊雄著","本"
"罪と罰","日本刑事政策研究会","デジタル資料"
"史","現代史懇話会","デジタル資料"
"ミュージック・ライフ","シンコーミュージック,新興楽譜出版社,新興音楽出版社","デジタル資料"
"区画整理","街づくり区画整理協会,日本土地区画整理協会,建設省都市局,建設省計画局,都市計画協会,土地区画整理研究会","デジタル資料"
"汲古","古典研究会 (1963年),古典研究会 編","デジタル資料"
"百万塔","紙の博物館 [編]","デジタル資料"
"中小企業","全国中小企業団体連合会","デジタル資料"
"トライガンマキシマム","内藤 泰弘/著","本"
"経営学","清水龍瑩","本"
"ブラッド・ピット","マット・ゾラー・サイツ/文,荒川 良/訳","本"
"リスク","ピーター・バーンスタイン著","本"
"安全","労働省労働基準局,労働省労働基準局安全衛生部 編","デジタル資料"
"文明の衝突","サミュエル・ハンチントン著","本"
"軍事研究","ジャパンミリタリーレビュー","デジタル資料"
"美術の窓","生活の友社,生活の友社 [編]","デジタル資料"
"岳人","ネイチュアエンタープライズ,東京新聞,中部日本新聞社,岳人社","デジタル資料"
"地球環境","日本工業新聞新社,日本工業新聞社,日工フォーラム社","デジタル資料"
"ラッパッパー","にしまきかやこ作","児童書"
"てじな","土屋富士夫作","児童書"
"JARTS","海外鉄道技術協力協会,海外鉄道技術協力協会 [編]","デジタル資料"
"自警","警視庁警務部,警視庁警務部教養課 編","デジタル資料"
"海猿","佐藤 秀峰/著,小森 陽一/原案・取材","本"
"フェア・トレード","マイケル・バラット・ブラウン [著]","本"
"放送教育","日本放送教育学会","デジタル資料"
"エラン","新谷 かおる/著","本"
"セイント","赤石 路代/著","本"
"たかとび","庄司陽子 著","本"
"美女と野獣","ボーモン 原作,藤田勝治 脚本・画","児童書"
"ウクレレ","いちむらまさき 著","本"
"テリントン・タッチ","Linda Tellington-Jones, Ursula Bruns 著","本"
"天理教学研究","天理大学宗教学科研究室 編","デジタル資料"
"フール・オン・ザ・ホイール","田中むねよし 著","本"
"Banzai","鈴木ダイ 著","児童書"
"てっぺん","万里村奈加 著","本"
"おむすびころりん","小松崎進 文,二俣英五郎 絵","児童書"
"好中球","笹田昌孝編","本"
"ワッハマン","あさりよしとお 著","本"
"ＴｈｅＧｉｖｉｎｇＴｒｅｅ","Ｓｈｅｌ Ｓｉｌｖｅｒｓｔｅｉｎ／作","本"
"青の時代","安西水丸 著","本"
"烈火の炎","安西信行 著","児童書"
"かき","矢間芳子作","児童書"
"星の丘学園物語学園祭","河添 省吾/[著]","児童書"
"ラグナレク","神堂潤 著","本"
"Cooldown","伊達将範 [著]","児童書"
"Seminarium","大阪市立大学ドイツ文学会 編","デジタル資料"
"学校怪談","高橋葉介 著","児童書"
"ガンマ","山本康人 著","本"
"能楽師","アルメン・ゴデール 著,小野暢子 訳","障害者向け資料"
"江戸の火事","黒木喬 著","児童書"
"すなあそび","ケイト・バーンズ ぶん,ドーン・アパーリー え,きたむらまさお やく","児童書"
"プロピレア","日本ギリシア語ギリシア文学会,ギリシア語文学研究会","デジタル資料"
"トンネル","相野谷由起作","児童書"
"トイ・ストーリー","ベティ・バーニー ぶん","児童書"
"弟切草","長坂秀佳 作,服部あゆみ 画","本"
"ウィーツィ・バット","フランチェスカ・リア・ブロック 著,金原瑞人, 小川美紀 訳","児童書"
"機動戦士ガンダム第08MS小隊","矢立肇 原案,大河内一楼 著","児童書"
"建設副産物","石井一郎編著","本"
"狐","新美南吉 作,長野ヒデ子 絵","児童書"
"たからもの","井澤美佳子作","児童書"
"白鳥の歌","志茂　文彦／著,きむら　ひでふみ／本文イラスト","児童書"
"ユダヤ教","モニカ・ストップルマン 著,岡田好惠 訳","児童書"
"セックスレス","村生ミオ 著","本"
"すてきな奥さん","竹田真理子 著","本"
"刻の大地","夜麻みゆき 著","児童書"
"Komisch","橘皆無 著","本"
"ねこぢるうどん","ねこぢる/著","本"
"アンデス","遠山記念館 編","本"
"マーケティング・アーキテクチャー","岩田貴子著","本"
"オトモダチ","長野まゆみ 著","本"
"大長編ドラえもん","藤子・F・不二雄/著","児童書"
"トールペインティング","カラーフィールドインコーポレイテッド 編","本"
"夏炉冬扇","結城　寂坊／著","本"
"バイオ・ハンター","細野不二彦 著","本"
"広辞苑","新村出編","本"
"赤血球","藤井寿一, 高桑雄一編集","本"
"学級王ヤマザキ","樫本学ヴ 著","児童書"
"ねずみのよめいり","こわせたまみ 文,蓬田やすひろ 絵","児童書"
"横山大観展","横山 大観／〔画〕,富山県水墨美術館／編","本"
"エール","日本アイルランド協会","デジタル資料"
"癒しの葉","紫堂 恭子/著","児童書"
"かたち","デビッド・ウェブスター え,かがわけいこ やく","児童書"
"アヴァン・ミュージック・ガイド","柴俊一 編","本"
"脳みそプルン!","川口憲吾 著","児童書"
"滝田ゆう落語劇場","滝田ゆう 著","障害者向け資料"
"みんな大好き","和田アキ子 著","障害者向け資料"
"爆風三国志我王の乱","川辺優 原作,山口正人 劇画","本"
"おもちゃのチャチャチャ","ささきようこ 絵","児童書"
"Destiny","もりたゆうこ 著","本"
"八犬伝","碧也 ぴんく/著,滝沢 馬琴/原作","児童書"
"あそぼうよ","五味太郎作","児童書"
"遊☆戯☆王","高橋 和希/著","児童書"
"ぽちゃん","なかのまさたか作","児童書"
"かみきりむし","いまもりみつひこ文・写真","児童書"
"週刊ベースボール","ベースボールマガジン社","デジタル資料"
"キューピー","高橋 ヒロシ/著","本"
"バイオハザード","ケン・アリベック著","本"
"鱈","マーク・カーランスキー著","本"
"小児科","金原出版株式会社","デジタル資料"
"逸脱","宝月誠編","本"
"バイテク・センチュリー","ジェレミー・リフキン著","本"
"じゅんばん","安野 光雅/さく","本"
"工業所有権法逐条解説","特許庁編","本"
"サイアス","朝日新聞社","デジタル資料"
"免疫学","Mark Peakman, Diego Vergani [著]","本"
"通信","小菅敏夫解説・訳","本"
"現代詩手帖","思潮社 [編]","デジタル資料"
"水からの伝言","江本勝 編著","本"
"イトウ","阿部幹雄撮影","本"
"河川工学","玉井信行編","本"
"オプション","シカゴオプション取引所付属オプション専門学校編","本"
"林業","松下幸司解説","本"
"こぶとりじいさん","島田コージ 絵,矢部美智代 文","児童書"
"インテレクチュアル・キャピタル","リーフ・エドビンソン, マイケル・S・マローン 著","本"
"通雅","明・方密之／著","本"
"Rave","真島ヒロ 著","児童書"
"MOON","こみや トモカズ作","児童書"
"エヴォルーショナリー・エコノミクス","井上義朗著","本"
"大日本史料","東京大学史料編纂所/編纂","本"
"いよ","日本リウマチ友の会愛媛支部／編","本"
"社会保障法","西原 道雄/編","本"
"質問","田中　未知／著,秋草　杏子／訳","本"
"カタリアツメベ探訪談","天原ふおん 著","児童書"
"波紋","ルイーゼ・リンザー 作,上田真而子 訳","児童書"
"耶馬渓","太田昌太／編","本"
"小国民","学齢館","デジタル資料"
"Yes","ハヤトコウジ 著","児童書"
"化身","小津 葭太/著","本"
"カウボーイビバップ","南天佑 著,矢立肇 原作","児童書"
"アラジンと魔法のランプ","森山貞則 文,米谷水枝 絵","児童書"
"二宮尊徳","もろひと　めぐみ／文,さいわい　徹／画","本"
"比較法","東洋大学比較法研究所","デジタル資料"
"リプリー","アンソニー・ミンゲラ／脚本,中神由紀子／訳","本"
"おとうさんといっしょ","かねなりりえ 著","児童書"
"ＥＬＭＥＲＡＮＤＴＨＥＳＴＲＡＮＧＥＲ","Ｄａｖｉｄ Ｍｃｋｅｅ／著","本"
"車のいろは空のいろ","あまん　きみこ／作,北田　卓史／絵","児童書"
"スワンダイブ","森, 絵都","児童書"
"三十棺桶島","モーリス・ルブラン 原作,南洋一郎 文","児童書"
"めだかの学校","森ゆきえ 著","児童書"
"Maquiagem","Duda Molinos／著","本"
"バグズ・ライフ","村田さち子 日本語訳","児童書"
"Painkiller","丘野ゆうじ [著]","児童書"
"出発","鶴見良行 [著]","本"
"ぼくは王さま","寺村輝夫 作,和田誠 絵","児童書"
"江戸時代","深谷克己 著","児童書"
"異文化","淺野敏久 [ほか]共編","児童書"
"ＫＯＵＤＥＬＫＡ","岩原　裕二／著,サクノス／監修","児童書"
"社会階層","原純輔, 盛山和夫著","本"
"かわたろう","沼野正子さく","児童書"
"ぽっかぽか","深見じゅん 著","児童書"
"とらわれの身の上","樋野まつり 著","児童書"
"ブレイズ","和田慎二 原作,はしもとさかき 作画","児童書"
"ポートレイト","大宝博 ピアノアレンジ","本"
"トライガン","内藤 泰弘/著","本"
"砂糖","アスペクト編","本"
"真ゲッターロボ","永井 豪/原作,石川 賢/作画","児童書"
"農産","松葉捷也 編著","本"
"マリーベル","上原きみ子 著","本"
"覇王樹","覇王樹社","デジタル資料"
"果樹","真子正史 編著","本"
"ナショナリズム","西村成雄編","本"
"ジブリ","スタジオジブリ／責任編集","本"
"社会","菱田雅晴編","本"
"シューベルト","エルンスト・ヒルマー 著,山地良造 訳","本"
"油脂","幸書房","デジタル資料"
"ホトトギス","ホトトギス社","デジタル資料"
"空き地","豊田市美術館 編","本"
"イージーレッスンブルースギター・リック","Peter Gelling 著,松本尚 訳","本"
"獺祭","獺祭発行所","デジタル資料"
"ふきのとう","甲斐信枝作,森田竜義監修","児童書"
"アルコホーリクス・アノニマス","AA日本出版局/訳編","本"
"花入","矢部良明 責任編集","本"
"経済法","根岸哲 著","本"
"トーキョーカーニバル","斎門富士男 著","本"
"彼女が死んじゃった。","一色伸幸 作,おかざき真里 画","本"
"フーセン","史村翔 原作,水野トビオ 漫画","本"
"台湾青年","台湾独立建国聯盟","デジタル資料"
"家畜衛生学","菅野茂 [ほか] 編","本"
"ディープブルー","遠藤 泰彦/著","本"
"あなた","谷川俊太郎文,長新太絵","児童書"
"新日本文学","新日本文学会 [編]","デジタル資料"
"ジャイアンツ・イヤーブック","東京読売巨人軍/監修","本"
"新潮現代国語辞典","山田俊雄 [ほか] 編","本"
"運慶","田中 万宗","本"
"日本奥地紀行","イサベラ・バード著","本"
"宗教","笹川紀勝解説","本"
"Unbalance","金子親一 著","本"
"地方財政","地方財務協会","デジタル資料"
"ラテンアメリカンルンバ","日本ボールルームダンス連盟資格審議委員会／翻訳編集,日本ボールルームダンス連盟／監修","本"
"Boy meets girl","尾崎未来 著","本"
"カラコルムハイウェイ","海部 要三/著","本"
"レヴィローズの指輪","高遠砂夜 著","児童書"
"旅の絵本","谷内六郎 著","児童書"
"すいか","相野谷由起作","児童書"
"大雪","ゼリーナ・ヘンツ／文,アロイス・カリジェ／絵,生野　幸吉／訳","児童書"
"チョコレートパン","長新太作","児童書"
"六十余州名所図会","広重(1代目)／〔画〕","本"
"万葉集","古橋信孝 著,遠藤てるよ 絵","児童書"
"決定","宇佐美誠著","本"
"すてきな三にんぐみ","トミー・アンゲラー さく,いまえよしとも やく","児童書"
"たわし","井上洋介作","児童書"
"MISTERジパング","椎名 高志/著","児童書"
"Shock","Robin Cook／著","本"
"アニメーテッド・ピープル・イン・フォト","なみき たかし/著","本"
"日本霊異記","三田村信行 著 ; 村上豊 絵,三田村信行 著 ; 村上豊 絵","児童書"
"イラン","メアリー・M.ロジャース 著,東眞理子 訳","児童書"
"英文学","早稲田大学英文学会 編","デジタル資料"
"RINKO","藤崎 しまほ/著","本"
"技術・家庭","中間 美砂子／ほか著","本"
"ウォーターボーイズ","矢口史靖 [著]","児童書"
"ＥＬＭＥＲＡＮＤＧＲＡＮＤＰＡＥＬＤＯ","Ｄａｖｉｄ Ｍｃｋｅｅ／著","児童書"
"南アメリカ","増田義郎編","本"
"ゴスペル・コーラスレパートリー","淡野 保昌/編曲,鳩野 信二/編曲","本"
"スノーフレイク・ゴースト","上領彩 [著]","児童書"
"生鮮食品","藤原邦達, 横山正 執筆","児童書"
"社会心理学","井上隆二, 山下富美代著","本"
"柔道","古賀稔彦 著","児童書"
"父と暮せば","井上ひさし 著","児童書"
"ムッソリーニ","ロマノ・ヴルピッタ著","本"
"ハッケヨイノコッタ","角田 光男／作,西村 達馬／画","児童書"
"コーデュロイ","やまだ ないと/著","本"
"超機動員ヴァンダー","桂正和 著","児童書"
"エコノミックス","『エコノミックス』編集委員会/編著","本"
"鎌倉国宝館","鎌倉国宝館／編","本"
"石の花","バジョーフ／原作,稲庭 桂子／脚色,桜井 誠／画","児童書"
"じどうしゃ","小賀野実 写真","児童書"
"プレイグス","プレイグス/監修,ヤマハミュージックメディア/編著","本"
"フェイク","槙村さとる 著","児童書"
"くまの子ウーフ","神沢利子 作,井上洋介 絵","児童書"
"ピノキオ","「ディズニー名作劇場」編集部／脚本","児童書"
"彼岸花","長坂秀佳 原作,高瀬志帆 作画","本"
"レイバー・デバイド","高山与志子著","本"
"サンタクロースと小人たち","マウリ=クンナス 作,いながきみはる 訳","障害者向け資料"
"全日本","日本道路交通情報センター/監修","本"
"フェティッシュ","かわい ゆみこ/著","本"
"グローバル・リテイラー","根本重之, 為広吉弘編著","本"
"さっぽろ映画祭","さっぽろ映画祭市民委員会／／主催","本"
"三省堂国語辞典","見坊豪紀 [ほか] 編","本"
"神樹","萩原秀三郎著","本"
"フライデイズ","長崎訓子 著","本"
"風花","原口貞雄／著,原口美恵子／著","本"
"赤菱のイレブン","古沢優 著","本"
"丸木舟","出口晶子著","本"
"遺伝子工学","柴忠義著","本"
"定年ゴジラ","重松清, 三山節子 著","本"
"痴姦","綾坂みつね 著","本"
"ジネンジョ","飯田孝則著","本"
"生涯現役","東北農政局山形統計情報事務所 編","本"
"一本桜","森田敏隆著","本"
"フィリピン","国際協力推進協会編","本"
"ヨコハマ買い出し紀行","芦奈野 ひとし/著","本"
"なにわの伝統野菜","大阪府立農業技術センター 編","本"
"代謝","山谷知行編","本"
"ストレイキャット","松本太郎 著","本"
"ペイン","トレイシー・スチュワート 著,舩越園子 訳","本"
"庚申塔","小出　武夫／著","本"
"歩","山下実 編著","本"
"米","関口シュン絵","本"
"思想史","石田, 一良","本"
"家族のそれから","ひぐちアサ 著","本"
"GIS","高阪宏行, 村山祐司編","本"
"マーケティング・ベーシックス","日本マーケティング協会編","本"
"ＨｏｗＩＰｌａｙＧｏｌｆ","ＴＩＧＥＲ ＷＯＯＤＳ／著,ＧＯＬＦ ＤＩＧＥＳＴ／編","本"
"商業学","村田昭治","本"
"ダブル","山口よしのぶ 著","本"
"ハウトゥージェットスタイル","Daytona 責任編集","本"
"戦争責任","アジアに対する日本の戦争責任を問う民衆法廷準備会/編","本"
"平年値","気象庁編","本"
"空中庭園","水沢 遙子/著","本"
"オサムシ","鶴巻洋志編著","本"
"イノベーションのジレンマ","クレイトン・クリステンセン著","本"
"コンパクトシティ","海道清信著","本"
"外務省","今藤悟著","本"
"梅干","有岡利幸著","本"
"国土交通省","福池智之著","本"
"食品添加物","石綿肇, 西島基弘, 細貝祐太郎執筆","本"
"超臨界流体","佐古猛編著","本"
"インボリューション","クリフォード・ギアーツ著","本"
"開拓","ササキコーポレーション社史編集委員会 編","本"
"日本育英会","日本育英会／編","本"
"神典","大倉精神文化研究所/編","本"
"発想","力石 定一／責任編集,牧 衷／責任編集","本"
"NURBS","Gerald E. Farin著","本"
"法務省","渡辺文幸著","本"
"樹木学","ピーター・トーマス著","本"
"経済産業省","村上水樹著","本"
"保安処分","相原 弘明","立法情報"
"ラテンアメリカンサンバ","日本ボールルームダンス連盟資格審議委員会／翻訳編集,日本ボールルームダンス連盟／監修","本"
"ファストフードが世界を食いつくす","エリック・シュローサー著","本"
"ロジスティクス工学","久保幹雄著","本"
"文部科学省","加古陽治, 永井理著","本"
"環境省","鴨志田公男, 田中泰義著","本"
"青いバラ","最相葉月著","本"
"マダコ","奥谷喬司文,楚山勇写真","児童書"
"19(ジューク)","[オンキョウパブリッシュ]編集部/編","本"
"木天蓼","電発奥只見会 編","本"
"デカデカ","軽部武宏作","児童書"
"京都議定書","S.オーバーテュアー, H.E.オット著","本"
"グリーンスパン","ボブ・ウッドワード著","本"
"旅路","実 慰子/著","本"
"世界遺産","Natascha Albus [ほか] 執筆","本"
"パパイヤネドコデネンエ","六田登作","児童書"
"染色","日本繊維機械学会染色加工研究会","デジタル資料"
"食べ物としての動物たち","伊藤宏著","本"
"踏車","加藤 繁和／編集","本"
"ラテンアメリカンパソドブレ","日本ボールルームダンス連盟資格審議委員会／翻訳編集,日本ボールルームダンス連盟／監修","本"
"厚生労働省","上坂修子著","本"
"ロジカル・シンキング","照屋華子, 岡田恵子著","本"
"内閣府","川北隆雄, 尾上進勇編","本"
"システムバイオロジー","北野宏明著","本"
"社会契約","飯島昇藏著","本"
"色素細胞","松本二郎, 溝口昌子編","本"
"住環境","浅見泰司編","本"
"蕎麦","笠井俊彌著","本"
"中山道","山田忠雄編","本"
"緑地環境学","小林裕志, 福山正隆編","本"
"岩波国語辞典","西尾実, 岩淵悦太郎, 水谷静夫編","本"
"ごっこ","二宮由紀子作,織茂恭子絵","児童書"
"公共経済学","奥野信宏著","本"
"ラテンアメリカンジャイブ","日本ボールルームダンス連盟資格審議委員会／翻訳編集,日本ボールルームダンス連盟／監修","本"
"反撃","竜 一京/著","本"
"information","農業技術研究機構九州沖縄農業研究センター [編]","本"
"ザ・ブランド","ナンシー・ケーン著","本"
"女教師","真藤 怜/[著]","本"
"ファイトレメディエーション","S.フィオレンツァ, C.L.オーブル, C.H.ワード編集","本"
"居住","日本建築学会編","本"
"グローバル・ガヴァナンス","渡辺昭夫, 土山實男編","本"
"地理学","人文地理学会 [編]","本"
"DEA","末吉俊幸著","本"
"はじまり","哲学会/編","本"
"琉球列島","安間繁樹著","本"
"土木計画学","樗木武著","本"
"財政","井堀利宏著","本"
"アトマイゼーション・テクノロジー","日本液体微粒化学会編","本"
"るすばんの達人","いとう あいこ作","児童書"
"力学系","C. ロビンソン著","本"
"ミティゲーション","森本幸裕, 亀山章編","本"
"ハッピー・マニア","安野 モヨコ/著","本"
"ガオ","田島征三作","児童書"
"ザ・ゴッドファーザー","ハーラン・リーボ/著,河原 一久/監修,鈴木 勉/監修","本"
"琵琶湖","木村至宏著","本"
"環境会計","河野正男著","本"
"Aikido","Ernesto Cohn／著,Eze／絵,Marcos Araujo／写真","本"
"野口雨情","北茨城市歴史民俗資料館／共編,野口雨情記念館／共編","本"
"やすこ","矢野倉 隆／編集","本"
"木質構造","有馬孝禮, 高橋徹, 増田稔編","本"
"ホミニゼーション","西田利貞編著","本"
"落ち葉","平山和子文・絵,平山英三構成・写真","児童書"
"狂牛病","中村靖彦著","本"
"食中毒","荒川修 [ほか] 執筆","本"
